original_park,matched_park,similarity,final_match
"""uncle"" vito e. maranzano glendale playground","""uncle"" vito f. maranzano glendale playground",0.909427609,"""uncle"" vito f. maranzano glendale playground"
2099-2033 colonial ave,NA,NA,pelham bay park
"2930 w fifth st, coney island",NA,NA,na
30-30 thomson avenue,NA,NA,na
35th street,NA,NA,na
406 woodward avenue,NA,NA,grover cleveland playground
5 east 102nd st,NA,NA,central park
593 132nd st,NA,NA,playground one thirty four cxxxiv
851 fairmont pl,NA,NA,na
abc playground,abc playground,1,abc playground
abingdon square,abingdon square,1,abingdon square
aesop park,aesop park,1,aesop park
agnes haywood playground,agnes haywood playground,1,agnes haywood playground
al oerter recreation center,kwame ture recreation center,0.852843915,flushing meadows corona park
albemarle playground,albemarle playground,1,albemarle playground
albert j. parham playground,albert l. parham playground,0.904795821,albert l. parham playground
alice austen house park,alice austen park,0.913043478,alice austen park
alice austen park,alice austen park,1,alice austen park
allerton playground,allerton playground,1,allerton playground
alley athletic playground,alley athletic playground,1,alley athletic playground
alley pond park,alley pond park,1,alley pond park
alley pond park oakland lake,alley pond park,0.845238095,alley pond park
alley pond park tennis courts near court 16,alley pond park,0.782945736,alley pond park
allison pond park,allison pond park,1,allison pond park
altamont house,walton slope,0.760582011,high rock park
american veterans memorial pier,american veterans memorial pier,1,american veterans memorial pier
ampere playground,ampere playground,1,ampere playground
amundsen circle,amundsen circle,1,amundsen circle
andrews grove,andrews grove,1,andrews grove
andries playground,andries playground,1,andries playground
annadale green,annadale green,1,annadale green
annunciation park,annunciation playground,0.878942882,annunciation playground
aqueduct walk,aqueduct walk,1,aqueduct walk
archie signer park,archie spigner park,0.917641326,archie spigner park
archie spigner park,archie spigner park,1,archie spigner park
arcilla playground,arcilla playground,1,arcilla playground
arden woods,arden woods,1,arden woods
arrochar playground,arrochar playground,1,arrochar playground
arsenal north,NA,NA,central park
asphalt green,asphalt green,1,asphalt green
asser levy park,asser levy park,1,asser levy park
astoria park,astoria park,1,astoria park
b116 street boardwalk,box street park,0.79047619,rockaway beach and boardwalk
bailey playground,bailey playground,1,bailey playground
baisley pond park,baisley pond park,1,baisley pond park
barretto point park,barretto point park,1,barretto point park
barrier playground,barrier playground,1,barrier playground
bartel-pritchard square,bartel-pritchard square,1,bartel-pritchard square
bartlett playground,bartlett playground,1,bartlett playground
bartow pell mansion,NA,NA,pelham bay park
bathgate playground,bathgate playground,1,bathgate playground
battery park,battery park city,0.901960784,the battery
battery park city,battery park city,1,battery park city
bayswater park,bayswater park,1,bayswater park
bayview playground,bayview playground,1,bayview playground
bayview terrace park,bayview terrace park,1,bayview terrace park
beach 30th street playground,beach 30th street playground,1,beach 30th street playground
beach 59th st playground,beach 59th st playground,1,beach 59th st playground
beach channel playground,beach channel playground,1,beach channel playground
beanstalk playground,beanstalk playground,1,beanstalk playground
bedford green,bedford green,1,bedford green
bedford playground,bedford playground,1,bedford playground
behagen playground,behagen playground,1,behagen playground
bella abzug park,bella abzug park,1,bella abzug park
bellaire playground,bellaire playground,1,bellaire playground
bellevue south park,bellevue south park,1,bellevue south park
belmont playground,belmont playground,1,belmont playground
belt parkway/shore parkway,belt parkway/shore parkway,1,belt parkway/shore parkway
benson playground,benson playground,1,benson playground
bensonhurst park,bensonhurst park,1,bensonhurst park
bergen beach,bergen beach playground,0.84057971,bergen beach playground
bergen beach playground,bergen beach playground,1,bergen beach playground
betsy head park,betsy head park,1,betsy head park
betsy head pool,betsy head park,0.866666667,betsy head park
bill brown playground,bill brown playground,1,bill brown playground
bill rainey park,bill rainey park,1,bill rainey park
blake hobbs playground,blake hobbs playground,1,blake hobbs playground
blood root valley,blood root valley,1,blood root valley
bloomingdale park,bloomingdale park,1,bloomingdale park
blue heron park,blue heron park,1,blue heron park
bowling green,bowling green,1,bowling green
bowne park,bowne park,1,bowne park
bradys pond park,bradys pond park,1,bradys pond park
breininger park,brower park,0.806060606,jack breininger park
breukelen ballfields,breukelen ballfields,1,breukelen ballfields
bridge and tunnel park,NA,NA,notorious lic park
bridge park 3,bridge park 3,1,bridge park 3
brighton beach,NA,NA,coney island beach & boardwalk
brighton playground,brighton playground,1,brighton playground
broad channel american park,broad channel american park,1,broad channel american park
broad channel wetlands,broad channel wetlands,1,broad channel wetlands
bronx park,bronx park,1,bronx park
brookfield park,brookfield park,1,brookfield park
brooklyn bridge park,brooklyn bridge park,1,brooklyn bridge park
brooklyn heights promenade,brooklyn heights promenade,1,brooklyn heights promenade
brookville park,brookville park,1,brookville park
brower park,brower park,1,brower park
brownsville playground,brownsville playground,1,brownsville playground
brust park,brust park,1,brust park
bryant park,bryant park,1,bryant park
bunker ponds park,bunker ponds park,1,bunker ponds park
bush terminal park,thursby basin park,0.777777778,na
bushwick inlet,bushwick inlet park,0.912280702,bushwick inlet park
bushwick inlet park,bushwick inlet park,1,bushwick inlet park
bushwick playground,bushwick playground,1,bushwick playground
c.s. 134,NA,NA,cs 134 community improvement garden
cadman plaza park,cadman plaza park,1,cadman plaza park
calvary monument,calvary monument,1,calvary monument
calvert vaux park,calvert vaux park,1,calvert vaux park
cambria playground,cambria playground,1,cambria playground
canal park,canal park,1,canal park
canarsie park,canarsie park,1,canarsie park
captain tilly park,captain tilly park,1,captain tilly park
carl schurz park,carl schurz park,1,carl schurz park
catharine turner richardson park,catharine turner richardson park,1,catharine turner richardson park
cedar grove beach,cedar grove playground,0.785204991,cedar grove playground
cedar grove park,cedar grove playground,0.873106061,cedar grove playground
cedar playground,cedar playground,1,cedar playground
cenral park,central park,0.972222222,central park
centrail park,central park,0.974358974,central park
central  park,central park,0.974358974,central park
central park,central park,1,central park
centreville playground,centreville playground,1,centreville playground
challenge playground,challenge playground,1,challenge playground
chapin woods,arden woods,0.797979798,harry chapin playground
charlie's place,charlie's place,1,charlie's place
charlton garden,oriental garden,0.85982906,charlton-thompson garden
chelsea park,chelsea park,1,chelsea park
chelsea recreation center,chelsea recreation center,1,chelsea recreation center
chiarantano playground,chiarantano playground,1,chiarantano playground
churchill school,NA,NA,na
city line park,city line park,1,city line park
claremont park,claremont park,1,claremont park
claremont playground,coleman playground,0.938888889,little claremont playground
clark playground,clark playground,1,clark playground
clason point park,clason point park,1,clason point park
classon playground,classon playground,1,classon playground
clearview park golf course,clearview park golf course,1,clearview park golf course
clove lakes park,clove lakes park,1,clove lakes park
cloves lakes park,clove lakes park,0.917892157,clove lakes park
coffey park,coffey park,1,coffey park
colden playground,colden playground,1,colden playground
colgate close,colgate close,1,colgate close
colgate close parks,colgate close,0.894736842,colgate close
collect pond park,collect pond park,1,collect pond park
college point fields,college point fields,1,college point fields
college point park,college point park,1,college point park
colonel charles young playground,courtney callender playground,0.768917625,brigadier general charles young playground
colucci playground,colucci playground,1,colucci playground
columbus circle,columbus square,0.822222222,central park
columbus park,columbus park,1,columbus park
commodore barry park,commodore barry park,1,commodore barry park
concrete plant park,concrete plant park,1,concrete plant park
coney island beach &amp; boardwalk,coney island beach & boardwalk,0.916339869,coney island beach & boardwalk
coney island beach and boardwalk,coney island beach & boardwalk,0.911661877,coney island beach & boardwalk
coney island creek park,coney island creek park,1,coney island creek park
conference house park,conference house park,1,conference house park
cooper park,cooper park,1,cooper park
cooper triangle,cooper triangle,1,cooper triangle
corlears hook park,corlears hook park,1,corlears hook park
court square park,court square park,1,court square park
cpl. thompson park,cpl. thompson park,1,cpl. thompson park
crack is wack playground,crack is wack playground,1,crack is wack playground
crescent beach park,crescent beach park,1,crescent beach park
crocheron park,crocheron park,1,crocheron park
cross street marsh ave & westport street,NA,NA,na
crotona park,crotona park,1,crotona park
crotona parkway malls,crotona parkway malls,1,crotona parkway malls
cunningham park,cunningham park,1,cunningham park
daniel boone playground,daniel boone playground,1,daniel boone playground
dawson playground,dawson playground,1,dawson playground
de matti park,de matti park,1,de matti park
de witt clinton park,de witt clinton park,1,de witt clinton park
decatur playground,decatur playground,1,decatur playground
deere park,deere park,1,deere park
detective keith l williams park,detective keith l williams park,1,detective keith l williams park
devoe park,devoe park,1,devoe park
dongan playground,dongan playground,1,dongan playground
doughboy plaza,doughboy park,0.877289377,doughboy park
dr. ronald mcnair park,dr. ronald mcnair park,1,dr. ronald mcnair park
dubos point wildlife sanctuary,dubos point wildlife sanctuary,1,dubos point wildlife sanctuary
dugan playground,grand playground,0.913888889,gerard p. dugan playground
dunningham triangle,dunningham triangle,1,dunningham triangle
dyker beach park,dyker beach park,1,dyker beach park
east 71st street between avenue v and avenue w,NA,NA,na
east river esplanade,east river esplanade,1,east river esplanade
east river park,east river walk,0.911111111,john v. lindsay east river park
edenwald playground,edenwald playground,1,edenwald playground
ehrenreich-austin playground,ehrenreich-austin playground,1,ehrenreich-austin playground
eibs pond park,eibs pond park,1,eibs pond park
elmhurst park,elmhurst park,1,elmhurst park
emerald playground,emerald playground,1,emerald playground
emt yadira arroyo playground,fdny-emt yadira arroyo playground,0.824494949,fdny-emt yadira arroyo playground
evelina antonetty playground,evelina antonetty playground,1,evelina antonetty playground
evergreen park,evergreen park,1,evergreen park
ewen park,ewen park,1,ewen park
faber park recreation center,kwame ture recreation center,0.772256729,faber pool and park
faber pool and park,faber pool and park,1,faber pool and park
fairview park,fairview park,1,fairview park
farm playground,farm playground,1,farm playground
federoff triangle,freedom triangle,0.906617647,na
ferry point park,ferry point park,1,ferry point park
flatbush and tilden avenues,flatbush mall,0.751187085,na
flatbush malls,flatbush malls,1,flatbush malls
flushing fields,flushing fields,1,flushing fields
flushing meadows corona park,flushing meadows corona park,1,flushing meadows corona park
flushing meadows corona park boathouse,flushing meadows corona park,0.912280702,flushing meadows corona park
flushing meadows corona park pool & rink,flushing meadows corona park,0.9,flushing meadows corona park
foley square,alben square,0.833333333,thomas paine park
fordham landing playground,fordham landing playground,1,fordham landing playground
forest grove,forest grove,1,forest grove
forest park,forest park,1,forest park
fort greene park,fort greene park,1,fort greene park
fort hamilton recreation center,metropolitan recreation center,0.868138761,john j carty park
fort independence playground,fort independence playground,1,fort independence playground
fort totten park,fort totten park,1,fort totten park
fort tryon,fort tryon park,0.888888889,fort tryon park
fort tryon park,fort tryon park,1,fort tryon park
fort washington park,fort washington park,1,fort washington park
forth greene park,fort greene park,0.980392157,fort greene park
four sparrow marsh,four sparrow marsh,1,four sparrow marsh
francis lewis park,francis lewis park,1,francis lewis park
francis lewis playground,francis lewis playground,1,francis lewis playground
frank golden park,frank golden park,1,frank golden park
frank principe park,frank principe park,1,frank principe park
franklin d. roosevelt boardwalk and beach,franklin d. roosevelt boardwalk and beach,1,franklin d. roosevelt boardwalk and beach
franz sigel park,franz sigel park,1,franz sigel park
frederick b. judge playground,frederick b. judge playground,1,frederick b. judge playground
frederick douglass playground,frederick douglass playground,1,frederick douglass playground
frederick johnson playground,frederick johnson playground,1,frederick johnson playground
fresh creek nature preserve,fresh creek nature preserve,1,fresh creek nature preserve
freshkills park,freshkills park,1,freshkills park
friends field,friends field,1,friends field
frontera park,frontera park,1,frontera park
ft tryon park,fort totten park,0.835470085,fort tryon park
fulton park,fulton park,1,fulton park
garden playground,garden playground,1,garden playground
garibaldi playground,garibaldi playground,1,garibaldi playground
gateway park,gateway park,1,gateway park
gateway triangle,gateway triangle,1,gateway triangle
gemini fields,gemini fields,1,gemini fields
gen. douglas macarthur park,gen. douglas macarthur park,1,gen. douglas macarthur park
gene gray playground,gene gray playground,1,gene gray playground
gertrude ederle recreation center,gertrude ederle recreation center,1,gertrude ederle recreation center
gilbert ramirez park,gilbert ramirez park,1,gilbert ramirez park
givan square,givan square,1,givan square
glenwood playground,glenwood playground,1,glenwood playground
goodhue park,goodhue park,1,goodhue park
gorman playground,gorman playground,1,gorman playground
grand army plaza,grand army plaza,1,grand army plaza
grand central parkway extension,grand central parkway extension,1,grand central parkway extension
gravesend park,gravesend park,1,gravesend park
great kills park,great kills park,1,great kills park
great kills veterans playground,great kills veterans playground,1,great kills veterans playground
greeley square park,greeley square park,1,greeley square park
green central knoll,green central knoll,1,green central knoll
green street,green gems,0.780555556,na
green street arthur kill and woodrow road,NA,NA,freshkills park
green street at intersection of 120th street and marsden avenue,NA,NA,na
greenbelt native plant center,greenbelt native plant center,1,greenbelt native plant center
greenbelt nature center,greenbelt native plant center,0.847314438,greenbelt native plant center
greenbelt recreation center,greenbelt native plant center,0.782054259,greenbelt native plant center
greenbelt white trail,greenbelt native plant center,0.761129356,greenbelt native plant center
greencroft playground,greencroft playground,1,greencroft playground
greenstreet across 269 cambridge avenue,NA,NA,gaeta park
greenstreets between pacific avenue and beach road,NA,NA,na
grover cleveland playground,grover cleveland playground,1,grover cleveland playground
gun hill playground,gun hill playground,1,gun hill playground
haffen park,haffen park,1,haffen park
haggerty park,haggerty park,1,haggerty park
hallets cove park,hallets cove playground,0.878942882,hallets cove playground
hallets cove playground,hallets cove playground,1,hallets cove playground
hamilton fish park,hamilton fish park,1,hamilton fish park
hamilton fish recreation center,hamilton fish park,0.780839307,hamilton fish park
hands and heart community garden,6th st and ave b community garden,0.788545174,united community centers - e new york f*
harding park,harding park,1,harding park
harlem river park,harlem river park,1,harlem river park
harris park,harris park,1,harris park
harry maze playground,harry maze playground,1,harry maze playground
hart island,hart island,1,hart island
harvey park,harvey park,1,harvey park
henry chapin playgorund,harry chapin playground,0.894409938,harry chapin playground
henry hudson park,henry hudson park,1,henry hudson park
herbert von king park,herbert von king park,1,herbert von king park
hero park,hero park,1,hero park
hester st. playground,chester playground,0.917989418,sara d. roosevelt park
high bridge park recreation center basement,NA,NA,highbridge park
high line,the high line,0.823361823,the high line
high line park,city line park,0.857142857,the high line
high rock park,high rock park,1,high rock park
highbridge park,highbridge park,1,highbridge park
highbridge recreation center,highbridge park,0.751343101,highbridge park
highland park,highland park,1,highland park
highline,NA,NA,the high line
highline park,hines park,0.864102564,the high line
hill street community garden,java street community garden,0.904761905,na
hines park,hines park,1,hines park
hinton park,hinton park,1,hinton park
historic richmond town,NA,NA,latourette park & golf course
historic richmondtown,NA,NA,latourette park & golf course
hoffman park,hoffman park,1,hoffman park
holocaust memorial park,father macris park,0.778180354,na
holy cow playground,holy cow playground,1,holy cow playground
homecrest playground,homecrest playground,1,homecrest playground
hoover - manton playgrounds,hoover - manton playgrounds,1,hoover - manton playgrounds
horace harding playground,horace harding playground,1,horace harding playground
hot spot tot lot,hot spot tot lot,1,hot spot tot lot
hoyt playground,hoyt playground,1,hoyt playground
hudson park,seton park,0.842424242,battery park city
hudson river park,hutchinson river parkway,0.806781046,na
hudson yards,NA,NA,na
hudson yards entrance to highline park,NA,NA,the high line
hunter's point south park,hunter's point south park,1,hunter's point south park
hunts point playground,hunts point playground,1,hunts point playground
hutchinson river parkway,hutchinson river parkway,1,hutchinson river parkway
hylan boulevard and ithaca street,NA,NA,na
idlewild park,idlewild park,1,idlewild park
industrial park,central park,0.833333333,staten island industrial park
ingram woods,ingram woods,1,ingram woods
inwood hill park,inwood hill park,1,inwood hill park
irving square park,irving square park,1,irving square park
isham park,isham park,1,isham park
j hood wright park,j. hood wright park,0.98245614,j. hood wright park
j. hood wright park,j. hood wright park,1,j. hood wright park
j. hood wright recreation center,j. hood wright park,0.789054438,j. hood wright park
j.j. byrne playground,century playground,0.804761905,washington park
jackie robinson park,jackie robinson park,1,jackie robinson park
jackie robinson recreation center,jackie robinson community garden,0.815510878,jackie robinson park
jackson pond playground,john hancock playground,0.838043478,forest park
jacob h. schiff playground,jacob h. schiff playground,1,jacob h. schiff playground
jacob joffe fields,jacob joffe fields,1,jacob joffe fields
jacob riis beach,jacob riis triangle,0.806595816,na
jacob's ladder playground,jacob's ladder playground,1,jacob's ladder playground
jaime campiz playground,jaime campiz playground,1,jaime campiz playground
jamaica gateway park,jamaica bay park,0.851388889,gateway park
james finley walk,NA,NA,carl schurz park
jennifer's playground,jennifer's playground,1,jennifer's playground
jerome park reservoir,jerome park,0.841269841,jerome park
jerome x o'donovan park,NA,NA,reed's basket willow swamp park
jesse owens playground,jesse owens playground,1,jesse owens playground
joe michaels mile,NA,NA,cross island parkway
john e. white park,john e. white park,1,john e. white park
john golden park,john golden park,1,john golden park
john j carty park,john j carty park,1,john j carty park
john jay park,john jay park,1,john jay park
john paul jones park,john paul jones park,1,john paul jones park
john v. lindsay east river park,john v. lindsay east river park,1,john v. lindsay east river park
jones woods park,jones woods park,1,jones woods park
joseph manna park,joseph manna park,1,joseph manna park
joseph rodman drake park,joseph rodman drake park & enslaved african burial ground,0.807017544,joseph rodman drake park & enslaved african burial ground
joyce kilmer park,joyce kilmer park,1,joyce kilmer park
judge moses weinstein playground,judge moses weinstein playground,1,judge moses weinstein playground
juniper valley park,juniper valley park,1,juniper valley park
kaiser park,kaiser park,1,kaiser park
kelly park,alley park,0.896296296,kelly park playground
kennedy king playground,kennedy king playground,1,kennedy king playground
kensington dog run,NA,NA,prospect park
king fisher park,king fisher park,1,king fisher park
kingdom pond park,kingdom pond park,1,kingdom pond park
kissena corridor park,kissena corridor park,1,kissena corridor park
kissena park,kissena park,1,kissena park
kolbert playground,kolbert playground,1,kolbert playground
l/cpl thomas p. noonan jr. playground,l/cpl thomas p. noonan jr. playground,1,l/cpl thomas p. noonan jr. playground
laguardia landing lights,laguardia landing lights,1,laguardia landing lights
laredo avenue parcel,laredo avenue parcel,1,laredo avenue parcel
latourette park,latourette park & golf course,0.83908046,latourette park & golf course
latourette park & golf course,latourette park & golf course,1,latourette park & golf course
lawrence virgilio playground,lawrence virgilio playground,1,lawrence virgilio playground
lefferts blvd and jamaica ave,NA,NA,forest park
leif ericson park,leif ericson park,1,leif ericson park
lemon creek park,lemon creek park,1,lemon creek park
levy park,alley park,0.896296296,asser levy park
lew fiddler park,bell tower park,0.794444444,marine park
lew fidler park,bell tower park,0.811111111,marine park
lincoln terrace / arthur s. somers park,lincoln terrace / arthur s. somers park,1,lincoln terrace / arthur s. somers park
lincoln terrace park,richmond terrace park,0.857096172,lincoln terrace / arthur s. somers park
linden park,linden park,1,linden park
linnaeus park,linnaeus park,1,linnaeus park
little bay park,little bay park,1,little bay park
livonia park,livonia park,1,livonia park
locust manor playground,locust manor playground,1,locust manor playground
long island mews,long island mews,1,long island mews
loreto playground,loreto playground,1,loreto playground
louis armstrong playground,louis armstrong playground,1,louis armstrong playground
lt. federico narvaez tot lot,lt. federico narvaez tot lot,1,lt. federico narvaez tot lot
lt. frank mcconnell park,lt. frank mcconnell park,1,lt. frank mcconnell park
lyons pool,lyons pool,1,lyons pool
lyons pool recreation center,tony dapolito recreation center,0.794221907,lyons pool
macdonald park,macdonald park,1,macdonald park
macneil park,marconi park,0.888888889,hermon a. macneil park
macombs dam park,macombs dam park,1,macombs dam park
madison square park,madison square park,1,madison square park
mafera park,mafera park,1,mafera park
magenta playground,magenta playground,1,magenta playground
mall forty,mall forty two xlii,0.842105263,mall forty two xlii
manhattan beach,manhattan beach park,0.916666667,manhattan beach park
manhattan beach park,manhattan beach park,1,manhattan beach park
mannahatta park,manhattan beach park,0.838888889,na
mapes pool,mapes pool,1,mapes pool
marble hill playground,marble hill playground,1,marble hill playground
marco giovanelli playground,lawrence virgilio playground,0.811177249,forest park
marconi park,marconi park,1,marconi park
marcus garvey park,marcus garvey park,1,marcus garvey park
marcy playground,marcy playground,1,marcy playground
maria hernandez park,maria hernandez park,1,maria hernandez park
marie curie park,marie curie playground,0.873106061,marie curie playground
marine park,marine park,1,marine park
marion hopkinson playground,marion hopkinson playground,1,marion hopkinson playground
martin luther king jr. park,martin luther king jr. playground,0.91694725,"martin luther king, jr. playground"
mary o'connor playground,mary o'connor playground,1,mary o'connor playground
matthews muliner playground,matthews muliner playground,1,matthews muliner playground
mccarren park,mccarren park,1,mccarren park
mcgolrick park,mill rock park,0.821428571,msgr. mcgolrick park
mckinley park,mckinley park,1,mckinley park
mellet playground,mellett playground,0.981481481,mellett playground
melrose commons park,melrose commons park,1,melrose commons park
mercer playground,mercer playground,1,mercer playground
merriam playground,merriam playground,1,merriam playground
midland beach,midland field,0.794871795,midland field
midland field,midland field,1,midland field
midland playground,midland playground,1,midland playground
mill pond park,mill pond park,1,mill pond park
mitchel square,mitchel square,1,mitchel square
mobilization for change community garden,mobilization for change,0.858333333,mobilization for change
montbellier park,montbellier park,1,montbellier park
morningside park,morningside park,1,morningside park
mosholu parkway,mosholu parkway,1,mosholu parkway
mosholu playground,mosholu playground,1,mosholu playground
motor parkway,motor parkway,1,motor parkway
mount prospect park,mount prospect park,1,mount prospect park
msgr. mcgolrick park,msgr. mcgolrick park,1,msgr. mcgolrick park
mullaly park,alley park,0.846296296,macombs dam park
murray playground,murray playground,1,murray playground
n/a,NA,NA,na
naples playground,naples playground,1,naples playground
near roebling playground,daniel boone playground,0.842046239,roebling playground
nelson playground,nelson playground,1,nelson playground
new dorp lane and new dorp plaza,NA,NA,na
new dorp park,new dorp park,1,new dorp park
norelli-hargreaves playground,norelli-hargreaves playground,1,norelli-hargreaves playground
ny botanical garden,6bc botanical garden,0.865892673,bronx park
nyc parking garage,NA,NA,na
o'sullivan plaza,o'sullivan plaza,1,o'sullivan plaza
oak grove park,frank golden park,0.826563959,sixteen oaks grove
oakland gardens,oakland gardens,1,oakland gardens
oakland gardens playground,oakland gardens,0.858974359,oakland gardens
oakland lake,oakland gardens,0.833333333,oakland gardens
oakwood beach,NA,NA,great kills park
ocean breeze park,ocean breeze park,1,ocean breeze park
ocean breeze track & field athletic complex,ocean breeze park,0.750256498,ocean breeze park
old town playground,old town playground,1,old town playground
olmsted-beil house park,olmsted-beil house park,1,olmsted-beil house park
orchard beach,NA,NA,pelham bay park
othmar ammann playground,chiarantano playground,0.847474747,triboro plaza
outside of prospect park on private property,NA,NA,prospect park
owl hollow fields,NA,NA,freshkills park
owl's head park,owl's head park,1,owl's head park
owls head park,owl's head park,0.977777778,owl's head park
p.o. serrano playground,p.o. serrano playground,1,p.o. serrano playground
p.s.117 playground,p.s. 125 playground,0.889498051,poor richard's playground
paerdegat park,paerdegat park,1,paerdegat park
palmer inlet,palmer inlet,1,palmer inlet
parade ground,parade ground,1,parade ground
parade place,padre plaza,0.797474747,parade ground
park avenue green space,park avenue malls,0.786932164,na
park avenue malls,park avenue malls,1,park avenue malls
park of the americas,park of the americas,1,park of the americas
park slope playground,park slope playground,1,park slope playground
parks street tree,NA,NA,na
parque de los ninos baseball field,NA,NA,bronx river parkway
paul raimonda playground,paul raimonda playground,1,paul raimonda playground
payson playground,davidson playground,0.890608875,inwood hill park
pelham bay park,pelham bay park,1,pelham bay park
pelham parkway,pelham parkway,1,pelham parkway
pena herrera park,pena herrera playground,0.878942882,pena herrera playground
peter detmold park,peter detmold park,1,peter detmold park
peters field,peters field,1,peters field
"phil ""scooter"" rizzuto park","phil ""scooter"" rizzuto park",1,"phil ""scooter"" rizzuto park"
pier 11,pier 42,0.80952381,na
playground 103 ciii,playground 103 ciii,1,playground 103 ciii
playground 115,playground 115,1,playground 115
playground eighty lxxx,playground eighty lxxx,1,playground eighty lxxx
playground eighty nine lxxxix,playground eighty nine lxxxix,1,playground eighty nine lxxxix
playground ninety,playground ninety,1,playground ninety
playground one forty,playground one forty,1,playground one forty
playground thirty five xxxv,playground thirty five xxxv,1,playground thirty five xxxv
plaza 67,plaza,0.875,na
plimpton playground,plimpton playground,1,plimpton playground
plumb beach,NA,NA,marine park
poe park,poe park,1,poe park
police officer edward byrne park,police officer edward byrne park,1,police officer edward byrne park
potomac playground,potomac playground,1,potomac playground
powell's cove park,powell's cove park,1,powell's cove park
power playground,power playground,1,power playground
pratt playground,pratt playground,1,pratt playground
prescott playground,prospect playground,0.909356725,e.m.t. christopher j. prescott playground
printers park,printers park,1,printers park
private property,NA,NA,na
prospect park,prospect park,1,prospect park
prospect park lake,prospect park,0.907407407,prospect park
ps 153,ps 53,0.944444444,ps 53
pugsley creek park,pugsley creek park,1,pugsley creek park
pulaski park,pulaski park,1,pulaski park
purple playground,purple playground,1,purple playground
queens borough hall,queensboro oval,0.786189834,na
queens botanical garden,united block association garden,0.7523765,kissena corridor park
queens bridge park,queensbridge park,0.912854031,queensbridge park
queens farm park,queens farm park,1,queens farm park
queensboro hall,queensboro oval,0.911111111,grand central parkway extension
queensbridge park,queensbridge park,1,queensbridge park
railroad park,railroad park,1,railroad park
rainbow garden of life and health,rainbow garden of life and health,1,rainbow garden of life and health
rainey park,rainey park,1,rainey park
ralph demarco park,ralph demarco park,1,ralph demarco park
ranaqua garage,ranaqua playground,0.768638769,ranaqua playground
ranaqua park,ranaqua playground,0.842592593,ranaqua playground
randall's island,randall's island park,0.920634921,randall's island park
randall's island park,randall's island park,1,randall's island park
raoul wallenberg forest,raoul wallenberg forest,1,raoul wallenberg forest
rappaport playground,rappaport playground,1,rappaport playground
ravenswood playground,ravenswood playground,1,ravenswood playground
raymond o'connor park,raymond o’connor park,0.968253968,raymond o’connor park
red hook park.,brook park,0.792063492,red hook recreation area
red hook recreation area,red hook recreation area,1,red hook recreation area
red hook recreation center,red hook recreation area,0.905788656,red hook recreation area
reed's basket willow swamp park,reed's basket willow swamp park,1,reed's basket willow swamp park
reiff playground,reiff playground,1,reiff playground
rev j polite playground,rev j polite playground,1,rev j polite playground
rev. t. wendell foster park and recreation center,rev. t. wendell foster park and recreation center,1,rev. t. wendell foster park and recreation center
richman (echo) park,richman (echo) park,1,richman (echo) park
ridgewood reservoir,NA,NA,highland park
rienzi playground,rienzi playground,1,rienzi playground
riverdale park,riverdale park,1,riverdale park
riverdale playground,riverdale playground,1,riverdale playground
riverside park,riverside park,1,riverside park
riverside park south,riverside park south,1,riverside park south
robert bendheim playground,riverbend playground,0.867273954,central park
robert l. clinkscales playground and community garden,robert l. clinkscales playground and community garden,1,robert l. clinkscales playground and community garden
robert moses playground,robert moses playground,1,robert moses playground
rock garden park,rock garden park,1,rock garden park
rockaway beach 48 street,rockaway beach,0.861111111,rockaway beach
rockaway beach 95th street,rockaway beach,0.846153846,rockaway beach
rockaway beach and boardwalk,rockaway beach and boardwalk,1,rockaway beach and boardwalk
rockaway community park,rockaway community park,1,rockaway community park
rockaway freeway,rockaway freeway,1,rockaway freeway
rocket park,hackett park,0.856060606,rocket playground
rodney playground center,rodney playground center,1,rodney playground center
roebling playground,roebling playground,1,roebling playground
roger morris park,roger morris park,1,roger morris park
roy wilkins park,bushwick inlet park,0.780954791,roy wilkins recreation center
roy wilkins recreation center,roy wilkins recreation center,1,roy wilkins recreation center
rufus king park,rufus king park,1,rufus king park
russell pedersen playground,russell pedersen playground,1,russell pedersen playground
russell sage playground,russell sage playground,1,russell sage playground
sachkerah woods playground,south rochdale playground,0.825384615,van cortlandt park
sara d. roosevelt park,sara d. roosevelt park,1,sara d. roosevelt park
saratoga park,saratoga park,1,saratoga park
sarsfield playground,sarsfield playground,1,sarsfield playground
schmul park,schmul park,1,schmul park
"schmul park 40.589434, -74.187249",schmul park,0.777777778,schmul park
seaside playground,seaside playground,1,seaside playground
seaside wildlife nature park,seaside wildlife nature park,1,seaside wildlife nature park
sedgwick playground,sedgwick playground,1,sedgwick playground
seguine mansion,genesis community garden,0.752777778,lemon creek park
seguine mansion- historical building,NA,NA,lemon creek park
seth low playground/ bealin square,seth low playground/ bealin square,1,seth low playground/ bealin square
seton falls park,seton falls park,1,seton falls park
seton park,seton park,1,seton park
sheepshead bay piers,sheepshead bay piers,1,sheepshead bay piers
sheepshead playground,sheepshead playground,1,sheepshead playground
sheltering arms playground,sheltering arms playground,1,sheltering arms playground
sheridan triangle,sheridan triangle,1,sheridan triangle
sherman creek,sherman creek,1,sherman creek
sherman park,sherman creek,0.867521368,sherman square
shoelace park,peace park,0.864102564,bronx river parkway
shore park and parkway,shore park and parkway,1,shore park and parkway
shore parkway,hero park,0.86039886,shore park and parkway
shore road park,owl's head park,0.797222222,shore park and parkway
silver lake park,silver lake park,1,silver lake park
silverstein family park,silver lake park,0.829891304,na
siren slope,siren slope,1,siren slope
skyline playground,mckinley playground,0.897374154,cottages hill new brighton park
snug harbor cultural center,snug harbor cultural center,1,snug harbor cultural center
sobelsohn playground,glenwood playground,0.849451754,forest park
socrates sculpture park,socrates sculpture park,1,socrates sculpture park
sorrentino recreation center,sorrentino recreation center,1,sorrentino recreation center
soundview park,soundview park,1,soundview park
south beach,south beach wetlands,0.85,south beach wetlands
south beach wetlands,south beach wetlands,1,south beach wetlands
south oxford park,south oxford park,1,south oxford park
south pacific playground,south pacific playground,1,south pacific playground
south rochdale playground,south rochdale playground,1,south rochdale playground
south shore country club,south shore country club,1,south shore country club
southern fields athletic fields,southern fields,0.827956989,southern fields
southern stables,southern fields,0.822222222,na
southwest playground,mott playground,0.877777778,van cortlandt park
space time playground,space time playground,1,space time playground
spirit playground,spirit playground,1,spirit playground
spring creek park,spring creek park,1,spring creek park
spring creek park addition,spring creek park addition,1,spring creek park addition
springfield park,springfield park,1,springfield park
st. albans park,st. vartan park,0.866666667,archie spigner park
st. andrew's playground,st. andrew's playground,1,st. andrew's playground
st. catherine's park,st. catherine's park,1,st. catherine's park
st. james park,st. james park,1,st. james park
st. james recreation center,st. james triangle,0.764660494,st. james park
st. john's recreation center,st. john's park,0.751343101,st. john's park
st. mary's park,st. mary's park,1,st. mary's park
st. mary's recreation center,hansborough recreation center,0.777093596,st. mary's park
st. michael's playground,st. michael's playground,1,st. michael's playground
st. nicholas park,st. nicholas park,1,st. nicholas park
st. nicholas playground south,st. nicholas playground south,1,st. nicholas playground south
stanley isaacs playground,stanley isaacs playground,1,stanley isaacs playground
stapleton esplanade,stapleton esplanade,1,stapleton esplanade
stapleton playground,telephone playground,0.880392157,stapleton esplanade
starlight park,starlight park,1,starlight park
starlight park zone 1,starlight park,0.888888889,starlight park
starlight park-starlight park playground,starlight park,0.783333333,starlight park
stebbins playground,stebbins playground,1,stebbins playground
sternberg park,sternberg park,1,sternberg park
story playground,story playground,1,story playground
street tree,NA,NA,na
street tree in sunnyside,NA,NA,na
stroud playground,stroud playground,1,stroud playground
stuyvesant cove park,sunset cove park,0.808333333,na
stuyvesant square,stuyvesant square,1,stuyvesant square
sumner playground,sumner playground,1,sumner playground
sunners playground,sunners playground,1,sunners playground
sunrise playground,sunrise playground,1,sunrise playground
sunset cove,sunset cove park,0.895833333,sunset cove park
sunset park,sunset park,1,sunset park
sunshine playground,sunshine playground,1,sunshine playground
sutton place park,sutton place park,1,sutton place park
tappen park,tappen park,1,tappen park
taylor playground,taylor playground,1,taylor playground
ten eyck playground,ten eyck playground,1,ten eyck playground
the battery,the battery,1,the battery
the big park,the big park,1,the big park
the high line,the high line,1,the high line
theodore roosevelt park,theodore roosevelt park,1,theodore roosevelt park
thomas boyland park,thomas boyland park,1,thomas boyland park
thomas j. cuite park,thomas j. cuite park,1,thomas j. cuite park
thomas jefferson park,thomas jefferson park,1,thomas jefferson park
thomas jefferson recreation center,thomas jefferson park,0.803651285,thomas jefferson park
thorpe family playground,thorpe family playground,1,thorpe family playground
tompkins square park,tompkins square park,1,tompkins square park
tompkinsville park,tompkinsville park,1,tompkinsville park
torsney playground,torsney playground,1,torsney playground
tottenville pool,tottenville pool,1,tottenville pool
travers park,travers park,1,travers park
tremont park,claremont park,0.900793651,walter gladwin park
trinity park,trinity park,1,trinity park
tucker place,tucker place,1,tucker place
tudor park,tudor park,1,tudor park
udall's park preserve,udall's park preserve,1,udall's park preserve
umoja learning garden,umoja garden,0.801587302,umoja garden
underhill playground,gun hill playground,0.875696594,james forten playground
underwood park,underwood park,1,underwood park
union square park,union square park,1,union square park
university woods,university woods,1,university woods
utopia parkway and 77th road,NA,NA,utopia playground
valentine varian house,valentine varian house,1,valentine varian house
van cortlandt park,van cortlandt park,1,van cortlandt park
van dyke playground,van dyke playground,1,van dyke playground
van nest park,van nest park,1,van nest park
van voorhees park,van voorhees playground,0.878942882,van voorhees playground
vidalia park,vidalia park,1,vidalia park
von briesen park,von briesen park,1,von briesen park
wagner playground,wagner playground,1,wagner playground
walker park,walker park,1,walker park
walt whitman park,walt whitman park,1,walt whitman park
walter gladwin park,walter gladwin park,1,walter gladwin park
walton park,walton park,1,walton park
washingtom square park,washington square park,0.96969697,washington square park
washington market park,washington market park,1,washington market park
washington park,washington park,1,washington park
washington square park,washington square park,1,washington square park
watson gleason playground,watson gleason playground,1,watson gleason playground
weeping beech park,wegener park,0.781986532,margaret i. carman green - weeping beech
wegener park,wegener park,1,wegener park
west harlem piers,west harlem piers,1,west harlem piers
westbourne playground,westbourne playground,1,westbourne playground
westerleigh park,westerleigh park,1,westerleigh park
westwood park,westwood park,1,westwood park
wild bird fund,NA,NA,na
william mccray playground,william mccray playground,1,william mccray playground
william t davis wildlife refuge,NA,NA,freshkills park
william t. davis wildlife refuge,NA,NA,freshkills park
williamsbridge oval,williamsbridge oval,1,williamsbridge oval
williamsbridge oval recreation center,williamsbridge oval,0.837837838,williamsbridge oval
williamsbridge square,williamsbridge oval,0.868003342,williamsbridge oval
willow lake playground,willow lake playground,1,willow lake playground
willowbrook park,willowbrook park,1,willowbrook park
windmuller park,lindower park,0.87991453,lawrence virgilio playground
wnyc transmitter park,wnyc transmitter park,1,wnyc transmitter park
wolfe's pond park,wolfe's pond park,1,wolfe's pond park
wood park,wood park,1,wood park
woodlawn cemetery,NA,NA,silver lake park
woodrow wilson triangle,woodrow wilson triangle,1,woodrow wilson triangle
wright brothers playground,wright brothers playground,1,wright brothers playground
yellowstone park,yellowstone park,1,yellowstone park
young park,young park,1,young park
youth village,youth village,1,youth village